date,food_item,price,day_of_week,is_weekend,is_holiday,college_event,quantity_sold
2026-06-30,Samosa,20.0,1,0,0,0,98
2026-06-30,Vada Pav,25.0,1,0,0,0,93
2026-06-30,Masala Dosa,60.0,1,0,0,0,55
2026-06-30,Idli,40.0,1,0,0,0,49
2026-06-30,Veg Sandwich,45.0,1,0,0,0,58
2026-06-30,Veg Biryani,90.0,1,0,0,0,38
2026-06-30,Chicken Biryani,130.0,1,0,0,0,43
2026-06-30,Pav Bhaji,70.0,1,0,0,0,37
2026-06-30,Noodles,55.0,1,0,0,0,48
2026-06-30,Tea,12.0,1,0,0,0,197
2026-06-30,Coffee,18.0,1,0,0,0,153
2026-06-30,Cold Drink,25.0,1,0,0,0,81
2026-07-01,Samosa,20.0,2,0,0,0,83
2026-07-01,Vada Pav,25.0,2,0,0,0,83
2026-07-01,Masala Dosa,60.0,2,0,0,0,41
2026-07-01,Idli,40.0,2,0,0,0,34
2026-07-01,Veg Sandwich,45.0,2,0,0,0,57
2026-07-01,Veg Biryani,90.0,2,0,0,0,41
2026-07-01,Chicken Biryani,130.0,2,0,0,0,54
2026-07-01,Pav Bhaji,70.0,2,0,0,0,30
2026-07-01,Noodles,55.0,2,0,0,0,47
2026-07-01,Tea,12.0,2,0,0,0,182
2026-07-01,Coffee,18.0,2,0,0,0,115
2026-07-01,Cold Drink,25.0,2,0,0,0,104
2026-07-02,Samosa,20.0,3,0,0,0,86
2026-07-02,Vada Pav,25.0,3,0,0,0,78
2026-07-02,Masala Dosa,60.0,3,0,0,0,53
2026-07-02,Idli,40.0,3,0,0,0,59
2026-07-02,Veg Sandwich,45.0,3,0,0,0,50
2026-07-02,Veg Biryani,90.0,3,0,0,0,31
2026-07-02,Chicken Biryani,130.0,3,0,0,0,49
2026-07-02,Pav Bhaji,70.0,3,0,0,0,31
2026-07-02,Noodles,55.0,3,0,0,0,51
2026-07-02,Tea,12.0,3,0,0,0,145
2026-07-02,Coffee,18.0,3,0,0,0,113
2026-07-02,Cold Drink,25.0,3,0,0,0,102
2026-07-03,Samosa,20.0,4,0,0,0,86
2026-07-03,Vada Pav,25.0,4,0,0,0,71
2026-07-03,Masala Dosa,60.0,4,0,0,0,44
2026-07-03,Idli,40.0,4,0,0,0,39
2026-07-03,Veg Sandwich,45.0,4,0,0,0,43
2026-07-03,Veg Biryani,90.0,4,0,0,0,47
2026-07-03,Chicken Biryani,130.0,4,0,0,0,62
2026-07-03,Pav Bhaji,70.0,4,0,0,0,39
2026-07-03,Noodles,55.0,4,0,0,0,52
2026-07-03,Tea,12.0,4,0,0,0,148
2026-07-03,Coffee,18.0,4,0,0,0,134
2026-07-03,Cold Drink,25.0,4,0,0,0,96
2026-07-04,Samosa,20.0,5,1,0,1,42
2026-07-04,Vada Pav,25.0,5,1,0,1,38
2026-07-04,Masala Dosa,60.0,5,1,0,1,36
2026-07-04,Idli,40.0,5,1,0,1,32
2026-07-04,Veg Sandwich,45.0,5,1,0,1,28
2026-07-04,Veg Biryani,90.0,5,1,0,1,22
2026-07-04,Chicken Biryani,130.0,5,1,0,1,25
2026-07-04,Pav Bhaji,70.0,5,1,0,1,22
2026-07-04,Noodles,55.0,5,1,0,1,28
2026-07-04,Tea,12.0,5,1,0,1,100
2026-07-04,Coffee,18.0,5,1,0,1,84
2026-07-04,Cold Drink,25.0,5,1,0,1,53
2026-07-05,Samosa,20.0,6,1,0,0,24
2026-07-05,Vada Pav,25.0,6,1,0,0,23
2026-07-05,Masala Dosa,60.0,6,1,0,0,21
2026-07-05,Idli,40.0,6,1,0,0,17
2026-07-05,Veg Sandwich,45.0,6,1,0,0,18
2026-07-05,Veg Biryani,90.0,6,1,0,0,16
2026-07-05,Chicken Biryani,130.0,6,1,0,0,18
2026-07-05,Pav Bhaji,70.0,6,1,0,0,14
2026-07-05,Noodles,55.0,6,1,0,0,13
2026-07-05,Tea,12.0,6,1,0,0,68
2026-07-05,Coffee,18.0,6,1,0,0,46
2026-07-05,Cold Drink,25.0,6,1,0,0,34
2026-07-06,Samosa,20.0,0,0,0,0,90
2026-07-06,Vada Pav,25.0,0,0,0,0,83
2026-07-06,Masala Dosa,60.0,0,0,0,0,52
2026-07-06,Idli,40.0,0,0,0,0,38
2026-07-06,Veg Sandwich,45.0,0,0,0,0,46
2026-07-06,Veg Biryani,90.0,0,0,0,0,33
2026-07-06,Chicken Biryani,130.0,0,0,0,0,49
2026-07-06,Pav Bhaji,70.0,0,0,0,0,36
2026-07-06,Noodles,55.0,0,0,0,0,47
2026-07-06,Tea,12.0,0,0,0,0,246
2026-07-06,Coffee,18.0,0,0,0,0,171
2026-07-06,Cold Drink,25.0,0,0,0,0,110
2026-07-07,Samosa,20.0,1,0,0,0,86
2026-07-07,Vada Pav,25.0,1,0,0,0,78
2026-07-07,Masala Dosa,60.0,1,0,0,0,54
2026-07-07,Idli,40.0,1,0,0,0,43
2026-07-07,Veg Sandwich,45.0,1,0,0,0,51
2026-07-07,Veg Biryani,90.0,1,0,0,0,36
2026-07-07,Chicken Biryani,130.0,1,0,0,0,45
2026-07-07,Pav Bhaji,70.0,1,0,0,0,34
2026-07-07,Noodles,55.0,1,0,0,0,43
2026-07-07,Tea,12.0,1,0,0,0,198
2026-07-07,Coffee,18.0,1,0,0,0,144
2026-07-07,Cold Drink,25.0,1,0,0,0,92
2026-07-08,Samosa,20.0,2,0,0,0,109
2026-07-08,Vada Pav,25.0,2,0,0,0,82
2026-07-08,Masala Dosa,60.0,2,0,0,0,46
2026-07-08,Idli,40.0,2,0,0,0,40
2026-07-08,Veg Sandwich,45.0,2,0,0,0,40
2026-07-08,Veg Biryani,90.0,2,0,0,0,42
2026-07-08,Chicken Biryani,130.0,2,0,0,0,54
2026-07-08,Pav Bhaji,70.0,2,0,0,0,44
2026-07-08,Noodles,55.0,2,0,0,0,49
2026-07-08,Tea,12.0,2,0,0,0,185
2026-07-08,Coffee,18.0,2,0,0,0,130
2026-07-08,Cold Drink,25.0,2,0,0,0,88
2026-07-09,Samosa,20.0,3,0,0,0,103
2026-07-09,Vada Pav,25.0,3,0,0,0,87
2026-07-09,Masala Dosa,60.0,3,0,0,0,61
2026-07-09,Idli,40.0,3,0,0,0,45
2026-07-09,Veg Sandwich,45.0,3,0,0,0,57
2026-07-09,Veg Biryani,90.0,3,0,0,0,30
2026-07-09,Chicken Biryani,130.0,3,0,0,0,48
2026-07-09,Pav Bhaji,70.0,3,0,0,0,43
2026-07-09,Noodles,55.0,3,0,0,0,45
2026-07-09,Tea,12.0,3,0,0,0,170
2026-07-09,Coffee,18.0,3,0,0,0,131
2026-07-09,Cold Drink,25.0,3,0,0,0,95
2026-07-10,Samosa,20.0,4,0,0,1,112
2026-07-10,Vada Pav,25.0,4,0,0,1,116
2026-07-10,Masala Dosa,60.0,4,0,0,1,66
2026-07-10,Idli,40.0,4,0,0,1,69
2026-07-10,Veg Sandwich,45.0,4,0,0,1,75
2026-07-10,Veg Biryani,90.0,4,0,0,1,97
2026-07-10,Chicken Biryani,130.0,4,0,0,1,99
2026-07-10,Pav Bhaji,70.0,4,0,0,1,56
2026-07-10,Noodles,55.0,4,0,0,1,89
2026-07-10,Tea,12.0,4,0,0,1,260
2026-07-10,Coffee,18.0,4,0,0,1,219
2026-07-10,Cold Drink,25.0,4,0,0,1,187
2026-07-11,Samosa,20.0,5,1,0,0,23
2026-07-11,Vada Pav,25.0,5,1,0,0,21
2026-07-11,Masala Dosa,60.0,5,1,0,0,17
2026-07-11,Idli,40.0,5,1,0,0,20
2026-07-11,Veg Sandwich,45.0,5,1,0,0,20
2026-07-11,Veg Biryani,90.0,5,1,0,0,13
2026-07-11,Chicken Biryani,130.0,5,1,0,0,19
2026-07-11,Pav Bhaji,70.0,5,1,0,0,14
2026-07-11,Noodles,55.0,5,1,0,0,18
2026-07-11,Tea,12.0,5,1,0,0,68
2026-07-11,Coffee,18.0,5,1,0,0,46
2026-07-11,Cold Drink,25.0,5,1,0,0,31
2026-07-12,Samosa,20.0,6,1,0,0,21
2026-07-12,Vada Pav,25.0,6,1,0,0,22
2026-07-12,Masala Dosa,60.0,6,1,0,0,18
2026-07-12,Idli,40.0,6,1,0,0,19
2026-07-12,Veg Sandwich,45.0,6,1,0,0,20
2026-07-12,Veg Biryani,90.0,6,1,0,0,13
2026-07-12,Chicken Biryani,130.0,6,1,0,0,20
2026-07-12,Pav Bhaji,70.0,6,1,0,0,13
2026-07-12,Noodles,55.0,6,1,0,0,19
2026-07-12,Tea,12.0,6,1,0,0,75
2026-07-12,Coffee,18.0,6,1,0,0,44
2026-07-12,Cold Drink,25.0,6,1,0,0,32
2026-07-13,Samosa,20.0,0,0,0,0,91
2026-07-13,Vada Pav,25.0,0,0,0,0,83
2026-07-13,Masala Dosa,60.0,0,0,0,0,46
2026-07-13,Idli,40.0,0,0,0,0,43
2026-07-13,Veg Sandwich,45.0,0,0,0,0,50
2026-07-13,Veg Biryani,90.0,0,0,0,0,40
2026-07-13,Chicken Biryani,130.0,0,0,0,0,44
2026-07-13,Pav Bhaji,70.0,0,0,0,0,45
2026-07-13,Noodles,55.0,0,0,0,0,53
2026-07-13,Tea,12.0,0,0,0,0,214
2026-07-13,Coffee,18.0,0,0,0,0,151
2026-07-13,Cold Drink,25.0,0,0,0,0,105
2026-07-14,Samosa,20.0,1,0,0,0,90
2026-07-14,Vada Pav,25.0,1,0,0,0,86
2026-07-14,Masala Dosa,60.0,1,0,0,0,59
2026-07-14,Idli,40.0,1,0,0,0,50
2026-07-14,Veg Sandwich,45.0,1,0,0,0,46
2026-07-14,Veg Biryani,90.0,1,0,0,0,30
2026-07-14,Chicken Biryani,130.0,1,0,0,0,43
2026-07-14,Pav Bhaji,70.0,1,0,0,0,38
2026-07-14,Noodles,55.0,1,0,0,0,51
2026-07-14,Tea,12.0,1,0,0,0,181
2026-07-14,Coffee,18.0,1,0,0,0,152
2026-07-14,Cold Drink,25.0,1,0,0,0,104
2026-07-15,Samosa,20.0,2,0,0,0,93
2026-07-15,Vada Pav,25.0,2,0,0,0,71
2026-07-15,Masala Dosa,60.0,2,0,0,0,47
2026-07-15,Idli,40.0,2,0,0,0,42
2026-07-15,Veg Sandwich,45.0,2,0,0,0,55
2026-07-15,Veg Biryani,90.0,2,0,0,0,46
2026-07-15,Chicken Biryani,130.0,2,0,0,0,47
2026-07-15,Pav Bhaji,70.0,2,0,0,0,32
2026-07-15,Noodles,55.0,2,0,0,0,53
2026-07-15,Tea,12.0,2,0,0,0,189
2026-07-15,Coffee,18.0,2,0,0,0,137
2026-07-15,Cold Drink,25.0,2,0,0,0,139
2026-07-16,Samosa,20.0,3,0,0,0,101
2026-07-16,Vada Pav,25.0,3,0,0,0,86
2026-07-16,Masala Dosa,60.0,3,0,0,0,54
2026-07-16,Idli,40.0,3,0,0,0,54
2026-07-16,Veg Sandwich,45.0,3,0,0,0,46
2026-07-16,Veg Biryani,90.0,3,0,0,0,34
2026-07-16,Chicken Biryani,130.0,3,0,0,0,43
2026-07-16,Pav Bhaji,70.0,3,0,0,0,35
2026-07-16,Noodles,55.0,3,0,0,0,62
2026-07-16,Tea,12.0,3,0,0,0,146
2026-07-16,Coffee,18.0,3,0,0,0,139
2026-07-16,Cold Drink,25.0,3,0,0,0,84
2026-07-17,Samosa,20.0,4,0,1,0,15
2026-07-17,Vada Pav,25.0,4,0,1,0,14
2026-07-17,Masala Dosa,60.0,4,0,1,0,10
2026-07-17,Idli,40.0,4,0,1,0,8
2026-07-17,Veg Sandwich,45.0,4,0,1,0,11
2026-07-17,Veg Biryani,90.0,4,0,1,0,9
2026-07-17,Chicken Biryani,130.0,4,0,1,0,16
2026-07-17,Pav Bhaji,70.0,4,0,1,0,8
2026-07-17,Noodles,55.0,4,0,1,0,11
2026-07-17,Tea,12.0,4,0,1,0,39
2026-07-17,Coffee,18.0,4,0,1,0,26
2026-07-17,Cold Drink,25.0,4,0,1,0,21
2026-07-18,Samosa,20.0,5,1,0,0,22
2026-07-18,Vada Pav,25.0,5,1,0,0,23
2026-07-18,Masala Dosa,60.0,5,1,0,0,19
2026-07-18,Idli,40.0,5,1,0,0,18
2026-07-18,Veg Sandwich,45.0,5,1,0,0,18
2026-07-18,Veg Biryani,90.0,5,1,0,0,15
2026-07-18,Chicken Biryani,130.0,5,1,0,0,16
2026-07-18,Pav Bhaji,70.0,5,1,0,0,12
2026-07-18,Noodles,55.0,5,1,0,0,17
2026-07-18,Tea,12.0,5,1,0,0,59
2026-07-18,Coffee,18.0,5,1,0,0,54
2026-07-18,Cold Drink,25.0,5,1,0,0,36
2026-07-19,Samosa,20.0,6,1,0,0,25
2026-07-19,Vada Pav,25.0,6,1,0,0,24
2026-07-19,Masala Dosa,60.0,6,1,0,0,18
2026-07-19,Idli,40.0,6,1,0,0,21
2026-07-19,Veg Sandwich,45.0,6,1,0,0,16
2026-07-19,Veg Biryani,90.0,6,1,0,0,12
2026-07-19,Chicken Biryani,130.0,6,1,0,0,18
2026-07-19,Pav Bhaji,70.0,6,1,0,0,15
2026-07-19,Noodles,55.0,6,1,0,0,17
2026-07-19,Tea,12.0,6,1,0,0,57
2026-07-19,Coffee,18.0,6,1,0,0,40
2026-07-19,Cold Drink,25.0,6,1,0,0,35
2026-07-20,Samosa,20.0,0,0,0,0,106
2026-07-20,Vada Pav,25.0,0,0,0,0,91
2026-07-20,Masala Dosa,60.0,0,0,0,0,44
2026-07-20,Idli,40.0,0,0,0,0,38
2026-07-20,Veg Sandwich,45.0,0,0,0,0,50
2026-07-20,Veg Biryani,90.0,0,0,0,0,43
2026-07-20,Chicken Biryani,130.0,0,0,0,0,47
2026-07-20,Pav Bhaji,70.0,0,0,0,0,38
2026-07-20,Noodles,55.0,0,0,0,0,49
2026-07-20,Tea,12.0,0,0,0,0,235
2026-07-20,Coffee,18.0,0,0,0,0,180
2026-07-20,Cold Drink,25.0,0,0,0,0,101
2026-07-21,Samosa,20.0,1,0,0,0,86
2026-07-21,Vada Pav,25.0,1,0,0,0,97
2026-07-21,Masala Dosa,60.0,1,0,0,0,60
2026-07-21,Idli,40.0,1,0,0,0,50
2026-07-21,Veg Sandwich,45.0,1,0,0,0,52
2026-07-21,Veg Biryani,90.0,1,0,0,0,35
2026-07-21,Chicken Biryani,130.0,1,0,0,0,43
2026-07-21,Pav Bhaji,70.0,1,0,0,0,36
2026-07-21,Noodles,55.0,1,0,0,0,54
2026-07-21,Tea,12.0,1,0,0,0,197
2026-07-21,Coffee,18.0,1,0,0,0,140
2026-07-21,Cold Drink,25.0,1,0,0,0,96
2026-07-22,Samosa,20.0,2,0,0,0,95
2026-07-22,Vada Pav,25.0,2,0,0,0,85
2026-07-22,Masala Dosa,60.0,2,0,0,0,42
2026-07-22,Idli,40.0,2,0,0,0,44
2026-07-22,Veg Sandwich,45.0,2,0,0,0,53
2026-07-22,Veg Biryani,90.0,2,0,0,0,39
2026-07-22,Chicken Biryani,130.0,2,0,0,0,44
2026-07-22,Pav Bhaji,70.0,2,0,0,0,31
2026-07-22,Noodles,55.0,2,0,0,0,47
2026-07-22,Tea,12.0,2,0,0,0,201
2026-07-22,Coffee,18.0,2,0,0,0,150
2026-07-22,Cold Drink,25.0,2,0,0,0,96
2026-07-23,Samosa,20.0,3,0,0,0,92
2026-07-23,Vada Pav,25.0,3,0,0,0,88
2026-07-23,Masala Dosa,60.0,3,0,0,0,53
2026-07-23,Idli,40.0,3,0,0,0,55
2026-07-23,Veg Sandwich,45.0,3,0,0,0,49
2026-07-23,Veg Biryani,90.0,3,0,0,0,38
2026-07-23,Chicken Biryani,130.0,3,0,0,0,44
2026-07-23,Pav Bhaji,70.0,3,0,0,0,33
2026-07-23,Noodles,55.0,3,0,0,0,60
2026-07-23,Tea,12.0,3,0,0,0,199
2026-07-23,Coffee,18.0,3,0,0,0,107
2026-07-23,Cold Drink,25.0,3,0,0,0,96
2026-07-24,Samosa,20.0,4,0,0,0,86
2026-07-24,Vada Pav,25.0,4,0,0,0,75
2026-07-24,Masala Dosa,60.0,4,0,0,0,42
2026-07-24,Idli,40.0,4,0,0,0,40
2026-07-24,Veg Sandwich,45.0,4,0,0,0,40
2026-07-24,Veg Biryani,90.0,4,0,0,0,60
2026-07-24,Chicken Biryani,130.0,4,0,0,0,63
2026-07-24,Pav Bhaji,70.0,4,0,0,0,38
2026-07-24,Noodles,55.0,4,0,0,0,53
2026-07-24,Tea,12.0,4,0,0,0,204
2026-07-24,Coffee,18.0,4,0,0,0,124
2026-07-24,Cold Drink,25.0,4,0,0,0,102
2026-07-25,Samosa,20.0,5,1,0,0,23
2026-07-25,Vada Pav,25.0,5,1,0,0,21
2026-07-25,Masala Dosa,60.0,5,1,0,0,17
2026-07-25,Idli,40.0,5,1,0,0,15
2026-07-25,Veg Sandwich,45.0,5,1,0,0,16
2026-07-25,Veg Biryani,90.0,5,1,0,0,14
2026-07-25,Chicken Biryani,130.0,5,1,0,0,19
2026-07-25,Pav Bhaji,70.0,5,1,0,0,14
2026-07-25,Noodles,55.0,5,1,0,0,19
2026-07-25,Tea,12.0,5,1,0,0,62
2026-07-25,Coffee,18.0,5,1,0,0,45
2026-07-25,Cold Drink,25.0,5,1,0,0,31
2026-07-26,Samosa,20.0,6,1,0,1,37
2026-07-26,Vada Pav,25.0,6,1,0,1,34
2026-07-26,Masala Dosa,60.0,6,1,0,1,38
2026-07-26,Idli,40.0,6,1,0,1,32
2026-07-26,Veg Sandwich,45.0,6,1,0,1,30
2026-07-26,Veg Biryani,90.0,6,1,0,1,23
2026-07-26,Chicken Biryani,130.0,6,1,0,1,25
2026-07-26,Pav Bhaji,70.0,6,1,0,1,19
2026-07-26,Noodles,55.0,6,1,0,1,28
2026-07-26,Tea,12.0,6,1,0,1,109
2026-07-26,Coffee,18.0,6,1,0,1,76
2026-07-26,Cold Drink,25.0,6,1,0,1,63
2026-07-27,Samosa,20.0,0,0,0,1,159
2026-07-27,Vada Pav,25.0,0,0,0,1,134
2026-07-27,Masala Dosa,60.0,0,0,0,1,91
2026-07-27,Idli,40.0,0,0,0,1,69
2026-07-27,Veg Sandwich,45.0,0,0,0,1,79
2026-07-27,Veg Biryani,90.0,0,0,0,1,68
2026-07-27,Chicken Biryani,130.0,0,0,0,1,83
2026-07-27,Pav Bhaji,70.0,0,0,0,1,68
2026-07-27,Noodles,55.0,0,0,0,1,82
2026-07-27,Tea,12.0,0,0,0,1,424
2026-07-27,Coffee,18.0,0,0,0,1,238
2026-07-27,Cold Drink,25.0,0,0,0,1,178
2026-07-28,Samosa,20.0,1,0,0,0,101
2026-07-28,Vada Pav,25.0,1,0,0,0,66
2026-07-28,Masala Dosa,60.0,1,0,0,0,45
2026-07-28,Idli,40.0,1,0,0,0,52
2026-07-28,Veg Sandwich,45.0,1,0,0,0,53
2026-07-28,Veg Biryani,90.0,1,0,0,0,38
2026-07-28,Chicken Biryani,130.0,1,0,0,0,48
2026-07-28,Pav Bhaji,70.0,1,0,0,0,40
2026-07-28,Noodles,55.0,1,0,0,0,54
2026-07-28,Tea,12.0,1,0,0,0,204
2026-07-28,Coffee,18.0,1,0,0,0,148
2026-07-28,Cold Drink,25.0,1,0,0,0,97
2026-07-29,Samosa,20.0,2,0,0,0,95
2026-07-29,Vada Pav,25.0,2,0,0,0,72
2026-07-29,Masala Dosa,60.0,2,0,0,0,47
2026-07-29,Idli,40.0,2,0,0,0,40
2026-07-29,Veg Sandwich,45.0,2,0,0,0,51
2026-07-29,Veg Biryani,90.0,2,0,0,0,43
2026-07-29,Chicken Biryani,130.0,2,0,0,0,41
2026-07-29,Pav Bhaji,70.0,2,0,0,0,32
2026-07-29,Noodles,55.0,2,0,0,0,49
2026-07-29,Tea,12.0,2,0,0,0,179
2026-07-29,Coffee,18.0,2,0,0,0,133
2026-07-29,Cold Drink,25.0,2,0,0,0,103
2026-07-30,Samosa,20.0,3,0,0,0,106
2026-07-30,Vada Pav,25.0,3,0,0,0,83
2026-07-30,Masala Dosa,60.0,3,0,0,0,54
2026-07-30,Idli,40.0,3,0,0,0,42
2026-07-30,Veg Sandwich,45.0,3,0,0,0,43
2026-07-30,Veg Biryani,90.0,3,0,0,0,37
2026-07-30,Chicken Biryani,130.0,3,0,0,0,50
2026-07-30,Pav Bhaji,70.0,3,0,0,0,40
2026-07-30,Noodles,55.0,3,0,0,0,46
2026-07-30,Tea,12.0,3,0,0,0,175
2026-07-30,Coffee,18.0,3,0,0,0,133
2026-07-30,Cold Drink,25.0,3,0,0,0,120
2026-07-31,Samosa,20.0,4,0,0,0,81
2026-07-31,Vada Pav,25.0,4,0,0,0,78
2026-07-31,Masala Dosa,60.0,4,0,0,0,50
2026-07-31,Idli,40.0,4,0,0,0,41
2026-07-31,Veg Sandwich,45.0,4,0,0,0,45
2026-07-31,Veg Biryani,90.0,4,0,0,0,49
2026-07-31,Chicken Biryani,130.0,4,0,0,0,75
2026-07-31,Pav Bhaji,70.0,4,0,0,0,38
2026-07-31,Noodles,55.0,4,0,0,0,48
2026-07-31,Tea,12.0,4,0,0,0,174
2026-07-31,Coffee,18.0,4,0,0,0,107
2026-07-31,Cold Drink,25.0,4,0,0,0,114
2026-08-01,Samosa,20.0,5,1,0,0,23
2026-08-01,Vada Pav,25.0,5,1,0,0,23
2026-08-01,Masala Dosa,60.0,5,1,0,0,23
2026-08-01,Idli,40.0,5,1,0,0,18
2026-08-01,Veg Sandwich,45.0,5,1,0,0,20
2026-08-01,Veg Biryani,90.0,5,1,0,0,12
2026-08-01,Chicken Biryani,130.0,5,1,0,0,15
2026-08-01,Pav Bhaji,70.0,5,1,0,0,12
2026-08-01,Noodles,55.0,5,1,0,0,18
2026-08-01,Tea,12.0,5,1,0,0,63
2026-08-01,Coffee,18.0,5,1,0,0,36
2026-08-01,Cold Drink,25.0,5,1,0,0,35
2026-08-02,Samosa,20.0,6,1,0,0,24
2026-08-02,Vada Pav,25.0,6,1,0,0,21
2026-08-02,Masala Dosa,60.0,6,1,0,0,18
2026-08-02,Idli,40.0,6,1,0,0,19
2026-08-02,Veg Sandwich,45.0,6,1,0,0,19
2026-08-02,Veg Biryani,90.0,6,1,0,0,14
2026-08-02,Chicken Biryani,130.0,6,1,0,0,22
2026-08-02,Pav Bhaji,70.0,6,1,0,0,12
2026-08-02,Noodles,55.0,6,1,0,0,17
2026-08-02,Tea,12.0,6,1,0,0,60
2026-08-02,Coffee,18.0,6,1,0,0,42
2026-08-02,Cold Drink,25.0,6,1,0,0,33
2026-08-03,Samosa,20.0,0,0,0,0,79
2026-08-03,Vada Pav,25.0,0,0,0,0,79
2026-08-03,Masala Dosa,60.0,0,0,0,0,45
2026-08-03,Idli,40.0,0,0,0,0,31
2026-08-03,Veg Sandwich,45.0,0,0,0,0,49
2026-08-03,Veg Biryani,90.0,0,0,0,0,35
2026-08-03,Chicken Biryani,130.0,0,0,0,0,47
2026-08-03,Pav Bhaji,70.0,0,0,0,0,39
2026-08-03,Noodles,55.0,0,0,0,0,54
2026-08-03,Tea,12.0,0,0,0,0,219
2026-08-03,Coffee,18.0,0,0,0,0,157
2026-08-03,Cold Drink,25.0,0,0,0,0,106
2026-08-04,Samosa,20.0,1,0,0,0,114
2026-08-04,Vada Pav,25.0,1,0,0,0,78
2026-08-04,Masala Dosa,60.0,1,0,0,0,53
2026-08-04,Idli,40.0,1,0,0,0,39
2026-08-04,Veg Sandwich,45.0,1,0,0,0,54
2026-08-04,Veg Biryani,90.0,1,0,0,0,32
2026-08-04,Chicken Biryani,130.0,1,0,0,0,45
2026-08-04,Pav Bhaji,70.0,1,0,0,0,38
2026-08-04,Noodles,55.0,1,0,0,0,45
2026-08-04,Tea,12.0,1,0,0,0,209
2026-08-04,Coffee,18.0,1,0,0,0,172
2026-08-04,Cold Drink,25.0,1,0,0,0,75
2026-08-05,Samosa,20.0,2,0,0,0,90
2026-08-05,Vada Pav,25.0,2,0,0,0,80
2026-08-05,Masala Dosa,60.0,2,0,0,0,40
2026-08-05,Idli,40.0,2,0,0,0,37
2026-08-05,Veg Sandwich,45.0,2,0,0,0,46
2026-08-05,Veg Biryani,90.0,2,0,0,0,41
2026-08-05,Chicken Biryani,130.0,2,0,0,0,55
2026-08-05,Pav Bhaji,70.0,2,0,0,0,38
2026-08-05,Noodles,55.0,2,0,0,0,55
2026-08-05,Tea,12.0,2,0,0,0,192
2026-08-05,Coffee,18.0,2,0,0,0,119
2026-08-05,Cold Drink,25.0,2,0,0,0,100
2026-08-06,Samosa,20.0,3,0,0,0,88
2026-08-06,Vada Pav,25.0,3,0,0,0,93
2026-08-06,Masala Dosa,60.0,3,0,0,0,54
2026-08-06,Idli,40.0,3,0,0,0,47
2026-08-06,Veg Sandwich,45.0,3,0,0,0,57
2026-08-06,Veg Biryani,90.0,3,0,0,0,30
2026-08-06,Chicken Biryani,130.0,3,0,0,0,36
2026-08-06,Pav Bhaji,70.0,3,0,0,0,38
2026-08-06,Noodles,55.0,3,0,0,0,50
2026-08-06,Tea,12.0,3,0,0,0,182
2026-08-06,Coffee,18.0,3,0,0,0,125
2026-08-06,Cold Drink,25.0,3,0,0,0,98
2026-08-07,Samosa,20.0,4,0,0,0,77
2026-08-07,Vada Pav,25.0,4,0,0,0,67
2026-08-07,Masala Dosa,60.0,4,0,0,0,41
2026-08-07,Idli,40.0,4,0,0,0,38
2026-08-07,Veg Sandwich,45.0,4,0,0,0,37
2026-08-07,Veg Biryani,90.0,4,0,0,0,54
2026-08-07,Chicken Biryani,130.0,4,0,0,0,68
2026-08-07,Pav Bhaji,70.0,4,0,0,0,35
2026-08-07,Noodles,55.0,4,0,0,0,51
2026-08-07,Tea,12.0,4,0,0,0,185
2026-08-07,Coffee,18.0,4,0,0,0,121
2026-08-07,Cold Drink,25.0,4,0,0,0,95
2026-08-08,Samosa,20.0,5,1,0,0,24
2026-08-08,Vada Pav,25.0,5,1,0,0,23
2026-08-08,Masala Dosa,60.0,5,1,0,0,17
2026-08-08,Idli,40.0,5,1,0,0,19
2026-08-08,Veg Sandwich,45.0,5,1,0,0,16
2026-08-08,Veg Biryani,90.0,5,1,0,0,15
2026-08-08,Chicken Biryani,130.0,5,1,0,0,17
2026-08-08,Pav Bhaji,70.0,5,1,0,0,10
2026-08-08,Noodles,55.0,5,1,0,0,15
2026-08-08,Tea,12.0,5,1,0,0,63
2026-08-08,Coffee,18.0,5,1,0,0,47
2026-08-08,Cold Drink,25.0,5,1,0,0,32
2026-08-09,Samosa,20.0,6,1,0,0,21
2026-08-09,Vada Pav,25.0,6,1,0,0,22
2026-08-09,Masala Dosa,60.0,6,1,0,0,26
2026-08-09,Idli,40.0,6,1,0,0,15
2026-08-09,Veg Sandwich,45.0,6,1,0,0,17
2026-08-09,Veg Biryani,90.0,6,1,0,0,13
2026-08-09,Chicken Biryani,130.0,6,1,0,0,17
2026-08-09,Pav Bhaji,70.0,6,1,0,0,13
2026-08-09,Noodles,55.0,6,1,0,0,19
2026-08-09,Tea,12.0,6,1,0,0,68
2026-08-09,Coffee,18.0,6,1,0,0,42
2026-08-09,Cold Drink,25.0,6,1,0,0,44
2026-08-10,Samosa,20.0,0,0,0,0,94
2026-08-10,Vada Pav,25.0,0,0,0,0,81
2026-08-10,Masala Dosa,60.0,0,0,0,0,47
2026-08-10,Idli,40.0,0,0,0,0,46
2026-08-10,Veg Sandwich,45.0,0,0,0,0,49
2026-08-10,Veg Biryani,90.0,0,0,0,0,35
2026-08-10,Chicken Biryani,130.0,0,0,0,0,42
2026-08-10,Pav Bhaji,70.0,0,0,0,0,37
2026-08-10,Noodles,55.0,0,0,0,0,48
2026-08-10,Tea,12.0,0,0,0,0,227
2026-08-10,Coffee,18.0,0,0,0,0,178
2026-08-10,Cold Drink,25.0,0,0,0,0,110
2026-08-11,Samosa,20.0,1,0,0,0,90
2026-08-11,Vada Pav,25.0,1,0,0,0,88
2026-08-11,Masala Dosa,60.0,1,0,0,0,55
2026-08-11,Idli,40.0,1,0,0,0,57
2026-08-11,Veg Sandwich,45.0,1,0,0,0,47
2026-08-11,Veg Biryani,90.0,1,0,0,0,27
2026-08-11,Chicken Biryani,130.0,1,0,0,0,50
2026-08-11,Pav Bhaji,70.0,1,0,0,0,32
2026-08-11,Noodles,55.0,1,0,0,0,42
2026-08-11,Tea,12.0,1,0,0,0,207
2026-08-11,Coffee,18.0,1,0,0,0,146
2026-08-11,Cold Drink,25.0,1,0,0,0,108
2026-08-12,Samosa,20.0,2,0,0,0,84
2026-08-12,Vada Pav,25.0,2,0,0,0,83
2026-08-12,Masala Dosa,60.0,2,0,0,0,46
2026-08-12,Idli,40.0,2,0,0,0,42
2026-08-12,Veg Sandwich,45.0,2,0,0,0,46
2026-08-12,Veg Biryani,90.0,2,0,0,0,40
2026-08-12,Chicken Biryani,130.0,2,0,0,0,57
2026-08-12,Pav Bhaji,70.0,2,0,0,0,39
2026-08-12,Noodles,55.0,2,0,0,0,55
2026-08-12,Tea,12.0,2,0,0,0,181
2026-08-12,Coffee,18.0,2,0,0,0,124
2026-08-12,Cold Drink,25.0,2,0,0,0,104
2026-08-13,Samosa,20.0,3,0,0,0,106
2026-08-13,Vada Pav,25.0,3,0,0,0,84
2026-08-13,Masala Dosa,60.0,3,0,0,0,54
2026-08-13,Idli,40.0,3,0,0,0,54
2026-08-13,Veg Sandwich,45.0,3,0,0,0,56
2026-08-13,Veg Biryani,90.0,3,0,0,0,33
2026-08-13,Chicken Biryani,130.0,3,0,0,0,43
2026-08-13,Pav Bhaji,70.0,3,0,0,0,33
2026-08-13,Noodles,55.0,3,0,0,0,55
2026-08-13,Tea,12.0,3,0,0,0,198
2026-08-13,Coffee,18.0,3,0,0,0,148
2026-08-13,Cold Drink,25.0,3,0,0,0,110
2026-08-14,Samosa,20.0,4,0,0,0,72
2026-08-14,Vada Pav,25.0,4,0,0,0,66
2026-08-14,Masala Dosa,60.0,4,0,0,0,46
2026-08-14,Idli,40.0,4,0,0,0,43
2026-08-14,Veg Sandwich,45.0,4,0,0,0,46
2026-08-14,Veg Biryani,90.0,4,0,0,0,39
2026-08-14,Chicken Biryani,130.0,4,0,0,0,66
2026-08-14,Pav Bhaji,70.0,4,0,0,0,44
2026-08-14,Noodles,55.0,4,0,0,0,49
2026-08-14,Tea,12.0,4,0,0,0,181
2026-08-14,Coffee,18.0,4,0,0,0,153
2026-08-14,Cold Drink,25.0,4,0,0,0,106
2026-08-15,Samosa,20.0,5,1,0,0,22
2026-08-15,Vada Pav,25.0,5,1,0,0,22
2026-08-15,Masala Dosa,60.0,5,1,0,0,24
2026-08-15,Idli,40.0,5,1,0,0,20
2026-08-15,Veg Sandwich,45.0,5,1,0,0,20
2026-08-15,Veg Biryani,90.0,5,1,0,0,13
2026-08-15,Chicken Biryani,130.0,5,1,0,0,16
2026-08-15,Pav Bhaji,70.0,5,1,0,0,12
2026-08-15,Noodles,55.0,5,1,0,0,18
2026-08-15,Tea,12.0,5,1,0,0,70
2026-08-15,Coffee,18.0,5,1,0,0,38
2026-08-15,Cold Drink,25.0,5,1,0,0,40
2026-08-16,Samosa,20.0,6,1,0,1,44
2026-08-16,Vada Pav,25.0,6,1,0,1,33
2026-08-16,Masala Dosa,60.0,6,1,0,1,36
2026-08-16,Idli,40.0,6,1,0,1,23
2026-08-16,Veg Sandwich,45.0,6,1,0,1,28
2026-08-16,Veg Biryani,90.0,6,1,0,1,25
2026-08-16,Chicken Biryani,130.0,6,1,0,1,33
2026-08-16,Pav Bhaji,70.0,6,1,0,1,19
2026-08-16,Noodles,55.0,6,1,0,1,25
2026-08-16,Tea,12.0,6,1,0,1,101
2026-08-16,Coffee,18.0,6,1,0,1,67
2026-08-16,Cold Drink,25.0,6,1,0,1,57
2026-08-17,Samosa,20.0,0,0,0,0,99
2026-08-17,Vada Pav,25.0,0,0,0,0,79
2026-08-17,Masala Dosa,60.0,0,0,0,0,50
2026-08-17,Idli,40.0,0,0,0,0,33
2026-08-17,Veg Sandwich,45.0,0,0,0,0,45
2026-08-17,Veg Biryani,90.0,0,0,0,0,37
2026-08-17,Chicken Biryani,130.0,0,0,0,0,41
2026-08-17,Pav Bhaji,70.0,0,0,0,0,34
2026-08-17,Noodles,55.0,0,0,0,0,50
2026-08-17,Tea,12.0,0,0,0,0,238
2026-08-17,Coffee,18.0,0,0,0,0,158
2026-08-17,Cold Drink,25.0,0,0,0,0,101
2026-08-18,Samosa,20.0,1,0,0,0,91
2026-08-18,Vada Pav,25.0,1,0,0,0,82
2026-08-18,Masala Dosa,60.0,1,0,0,0,71
2026-08-18,Idli,40.0,1,0,0,0,44
2026-08-18,Veg Sandwich,45.0,1,0,0,0,57
2026-08-18,Veg Biryani,90.0,1,0,0,0,26
2026-08-18,Chicken Biryani,130.0,1,0,0,0,36
2026-08-18,Pav Bhaji,70.0,1,0,0,0,31
2026-08-18,Noodles,55.0,1,0,0,0,44
2026-08-18,Tea,12.0,1,0,0,0,211
2026-08-18,Coffee,18.0,1,0,0,0,154
2026-08-18,Cold Drink,25.0,1,0,0,0,97
2026-08-19,Samosa,20.0,2,0,0,0,100
2026-08-19,Vada Pav,25.0,2,0,0,0,70
2026-08-19,Masala Dosa,60.0,2,0,0,0,43
2026-08-19,Idli,40.0,2,0,0,0,40
2026-08-19,Veg Sandwich,45.0,2,0,0,0,52
2026-08-19,Veg Biryani,90.0,2,0,0,0,39
2026-08-19,Chicken Biryani,130.0,2,0,0,0,54
2026-08-19,Pav Bhaji,70.0,2,0,0,0,35
2026-08-19,Noodles,55.0,2,0,0,0,46
2026-08-19,Tea,12.0,2,0,0,0,167
2026-08-19,Coffee,18.0,2,0,0,0,131
2026-08-19,Cold Drink,25.0,2,0,0,0,99
2026-08-20,Samosa,20.0,3,0,0,0,89
2026-08-20,Vada Pav,25.0,3,0,0,0,79
2026-08-20,Masala Dosa,60.0,3,0,0,0,61
2026-08-20,Idli,40.0,3,0,0,0,45
2026-08-20,Veg Sandwich,45.0,3,0,0,0,51
2026-08-20,Veg Biryani,90.0,3,0,0,0,36
2026-08-20,Chicken Biryani,130.0,3,0,0,0,52
2026-08-20,Pav Bhaji,70.0,3,0,0,0,31
2026-08-20,Noodles,55.0,3,0,0,0,47
2026-08-20,Tea,12.0,3,0,0,0,163
2026-08-20,Coffee,18.0,3,0,0,0,108
2026-08-20,Cold Drink,25.0,3,0,0,0,118
2026-08-21,Samosa,20.0,4,0,0,0,70
2026-08-21,Vada Pav,25.0,4,0,0,0,64
2026-08-21,Masala Dosa,60.0,4,0,0,0,51
2026-08-21,Idli,40.0,4,0,0,0,33
2026-08-21,Veg Sandwich,45.0,4,0,0,0,54
2026-08-21,Veg Biryani,90.0,4,0,0,0,44
2026-08-21,Chicken Biryani,130.0,4,0,0,0,73
2026-08-21,Pav Bhaji,70.0,4,0,0,0,27
2026-08-21,Noodles,55.0,4,0,0,0,41
2026-08-21,Tea,12.0,4,0,0,0,170
2026-08-21,Coffee,18.0,4,0,0,0,143
2026-08-21,Cold Drink,25.0,4,0,0,0,100
2026-08-22,Samosa,20.0,5,1,0,0,23
2026-08-22,Vada Pav,25.0,5,1,0,0,21
2026-08-22,Masala Dosa,60.0,5,1,0,0,21
2026-08-22,Idli,40.0,5,1,0,0,15
2026-08-22,Veg Sandwich,45.0,5,1,0,0,15
2026-08-22,Veg Biryani,90.0,5,1,0,0,15
2026-08-22,Chicken Biryani,130.0,5,1,0,0,18
2026-08-22,Pav Bhaji,70.0,5,1,0,0,12
2026-08-22,Noodles,55.0,5,1,0,0,18
2026-08-22,Tea,12.0,5,1,0,0,65
2026-08-22,Coffee,18.0,5,1,0,0,43
2026-08-22,Cold Drink,25.0,5,1,0,0,32
2026-08-23,Samosa,20.0,6,1,0,1,33
2026-08-23,Vada Pav,25.0,6,1,0,1,37
2026-08-23,Masala Dosa,60.0,6,1,0,1,40
2026-08-23,Idli,40.0,6,1,0,1,32
2026-08-23,Veg Sandwich,45.0,6,1,0,1,28
2026-08-23,Veg Biryani,90.0,6,1,0,1,24
2026-08-23,Chicken Biryani,130.0,6,1,0,1,35
2026-08-23,Pav Bhaji,70.0,6,1,0,1,23
2026-08-23,Noodles,55.0,6,1,0,1,26
2026-08-23,Tea,12.0,6,1,0,1,109
2026-08-23,Coffee,18.0,6,1,0,1,74
2026-08-23,Cold Drink,25.0,6,1,0,1,62
2026-08-24,Samosa,20.0,0,0,0,0,89
2026-08-24,Vada Pav,25.0,0,0,0,0,82
2026-08-24,Masala Dosa,60.0,0,0,0,0,39
2026-08-24,Idli,40.0,0,0,0,0,42
2026-08-24,Veg Sandwich,45.0,0,0,0,0,42
2026-08-24,Veg Biryani,90.0,0,0,0,0,32
2026-08-24,Chicken Biryani,130.0,0,0,0,0,51
2026-08-24,Pav Bhaji,70.0,0,0,0,0,32
2026-08-24,Noodles,55.0,0,0,0,0,53
2026-08-24,Tea,12.0,0,0,0,0,193
2026-08-24,Coffee,18.0,0,0,0,0,204
2026-08-24,Cold Drink,25.0,0,0,0,0,97
2026-08-25,Samosa,20.0,1,0,0,0,98
2026-08-25,Vada Pav,25.0,1,0,0,0,68
2026-08-25,Masala Dosa,60.0,1,0,0,0,56
2026-08-25,Idli,40.0,1,0,0,0,47
2026-08-25,Veg Sandwich,45.0,1,0,0,0,42
2026-08-25,Veg Biryani,90.0,1,0,0,0,38
2026-08-25,Chicken Biryani,130.0,1,0,0,0,43
2026-08-25,Pav Bhaji,70.0,1,0,0,0,36
2026-08-25,Noodles,55.0,1,0,0,0,51
2026-08-25,Tea,12.0,1,0,0,0,200
2026-08-25,Coffee,18.0,1,0,0,0,179
2026-08-25,Cold Drink,25.0,1,0,0,0,100
2026-08-26,Samosa,20.0,2,0,0,0,97
2026-08-26,Vada Pav,25.0,2,0,0,0,85
2026-08-26,Masala Dosa,60.0,2,0,0,0,40
2026-08-26,Idli,40.0,2,0,0,0,44
2026-08-26,Veg Sandwich,45.0,2,0,0,0,41
2026-08-26,Veg Biryani,90.0,2,0,0,0,47
2026-08-26,Chicken Biryani,130.0,2,0,0,0,47
2026-08-26,Pav Bhaji,70.0,2,0,0,0,34
2026-08-26,Noodles,55.0,2,0,0,0,55
2026-08-26,Tea,12.0,2,0,0,0,182
2026-08-26,Coffee,18.0,2,0,0,0,141
2026-08-26,Cold Drink,25.0,2,0,0,0,106
2026-08-27,Samosa,20.0,3,0,0,0,88
2026-08-27,Vada Pav,25.0,3,0,0,0,86
2026-08-27,Masala Dosa,60.0,3,0,0,0,48
2026-08-27,Idli,40.0,3,0,0,0,50
2026-08-27,Veg Sandwich,45.0,3,0,0,0,54
2026-08-27,Veg Biryani,90.0,3,0,0,0,35
2026-08-27,Chicken Biryani,130.0,3,0,0,0,47
2026-08-27,Pav Bhaji,70.0,3,0,0,0,34
2026-08-27,Noodles,55.0,3,0,0,0,56
2026-08-27,Tea,12.0,3,0,0,0,179
2026-08-27,Coffee,18.0,3,0,0,0,124
2026-08-27,Cold Drink,25.0,3,0,0,0,109
2026-08-28,Samosa,20.0,4,0,0,1,113
2026-08-28,Vada Pav,25.0,4,0,0,1,121
2026-08-28,Masala Dosa,60.0,4,0,0,1,67
2026-08-28,Idli,40.0,4,0,0,1,74
2026-08-28,Veg Sandwich,45.0,4,0,0,1,80
2026-08-28,Veg Biryani,90.0,4,0,0,1,85
2026-08-28,Chicken Biryani,130.0,4,0,0,1,112
2026-08-28,Pav Bhaji,70.0,4,0,0,1,47
2026-08-28,Noodles,55.0,4,0,0,1,77
2026-08-28,Tea,12.0,4,0,0,1,328
2026-08-28,Coffee,18.0,4,0,0,1,233
2026-08-28,Cold Drink,25.0,4,0,0,1,170
2026-08-29,Samosa,20.0,5,1,0,0,24
2026-08-29,Vada Pav,25.0,5,1,0,0,23
2026-08-29,Masala Dosa,60.0,5,1,0,0,19
2026-08-29,Idli,40.0,5,1,0,0,21
2026-08-29,Veg Sandwich,45.0,5,1,0,0,22
2026-08-29,Veg Biryani,90.0,5,1,0,0,13
2026-08-29,Chicken Biryani,130.0,5,1,0,0,17
2026-08-29,Pav Bhaji,70.0,5,1,0,0,14
2026-08-29,Noodles,55.0,5,1,0,0,20
2026-08-29,Tea,12.0,5,1,0,0,60
2026-08-29,Coffee,18.0,5,1,0,0,44
2026-08-29,Cold Drink,25.0,5,1,0,0,34
2026-08-30,Samosa,20.0,6,1,0,0,22
2026-08-30,Vada Pav,25.0,6,1,0,0,19
2026-08-30,Masala Dosa,60.0,6,1,0,0,16
2026-08-30,Idli,40.0,6,1,0,0,16
2026-08-30,Veg Sandwich,45.0,6,1,0,0,16
2026-08-30,Veg Biryani,90.0,6,1,0,0,15
2026-08-30,Chicken Biryani,130.0,6,1,0,0,18
2026-08-30,Pav Bhaji,70.0,6,1,0,0,11
2026-08-30,Noodles,55.0,6,1,0,0,22
2026-08-30,Tea,12.0,6,1,0,0,59
2026-08-30,Coffee,18.0,6,1,0,0,51
2026-08-30,Cold Drink,25.0,6,1,0,0,41
2026-08-31,Samosa,20.0,0,0,0,0,87
2026-08-31,Vada Pav,25.0,0,0,0,0,76
2026-08-31,Masala Dosa,60.0,0,0,0,0,47
2026-08-31,Idli,40.0,0,0,0,0,38
2026-08-31,Veg Sandwich,45.0,0,0,0,0,48
2026-08-31,Veg Biryani,90.0,0,0,0,0,34
2026-08-31,Chicken Biryani,130.0,0,0,0,0,43
2026-08-31,Pav Bhaji,70.0,0,0,0,0,31
2026-08-31,Noodles,55.0,0,0,0,0,54
2026-08-31,Tea,12.0,0,0,0,0,259
2026-08-31,Coffee,18.0,0,0,0,0,175
2026-08-31,Cold Drink,25.0,0,0,0,0,96
2026-09-01,Samosa,20.0,1,0,0,0,114
2026-09-01,Vada Pav,25.0,1,0,0,0,88
2026-09-01,Masala Dosa,60.0,1,0,0,0,52
2026-09-01,Idli,40.0,1,0,0,0,51
2026-09-01,Veg Sandwich,45.0,1,0,0,0,48
2026-09-01,Veg Biryani,90.0,1,0,0,0,37
2026-09-01,Chicken Biryani,130.0,1,0,0,0,47
2026-09-01,Pav Bhaji,70.0,1,0,0,0,39
2026-09-01,Noodles,55.0,1,0,0,0,46
2026-09-01,Tea,12.0,1,0,0,0,209
2026-09-01,Coffee,18.0,1,0,0,0,123
2026-09-01,Cold Drink,25.0,1,0,0,0,87
2026-09-02,Samosa,20.0,2,0,0,0,84
2026-09-02,Vada Pav,25.0,2,0,0,0,80
2026-09-02,Masala Dosa,60.0,2,0,0,0,48
2026-09-02,Idli,40.0,2,0,0,0,36
2026-09-02,Veg Sandwich,45.0,2,0,0,0,33
2026-09-02,Veg Biryani,90.0,2,0,0,0,38
2026-09-02,Chicken Biryani,130.0,2,0,0,0,61
2026-09-02,Pav Bhaji,70.0,2,0,0,0,36
2026-09-02,Noodles,55.0,2,0,0,0,57
2026-09-02,Tea,12.0,2,0,0,0,160
2026-09-02,Coffee,18.0,2,0,0,0,109
2026-09-02,Cold Drink,25.0,2,0,0,0,105
2026-09-03,Samosa,20.0,3,0,0,0,101
2026-09-03,Vada Pav,25.0,3,0,0,0,84
2026-09-03,Masala Dosa,60.0,3,0,0,0,59
2026-09-03,Idli,40.0,3,0,0,0,54
2026-09-03,Veg Sandwich,45.0,3,0,0,0,53
2026-09-03,Veg Biryani,90.0,3,0,0,0,38
2026-09-03,Chicken Biryani,130.0,3,0,0,0,50
2026-09-03,Pav Bhaji,70.0,3,0,0,0,40
2026-09-03,Noodles,55.0,3,0,0,0,47
2026-09-03,Tea,12.0,3,0,0,0,189
2026-09-03,Coffee,18.0,3,0,0,0,125
2026-09-03,Cold Drink,25.0,3,0,0,0,92
2026-09-04,Samosa,20.0,4,0,0,0,83
2026-09-04,Vada Pav,25.0,4,0,0,0,73
2026-09-04,Masala Dosa,60.0,4,0,0,0,44
2026-09-04,Idli,40.0,4,0,0,0,40
2026-09-04,Veg Sandwich,45.0,4,0,0,0,54
2026-09-04,Veg Biryani,90.0,4,0,0,0,43
2026-09-04,Chicken Biryani,130.0,4,0,0,0,65
2026-09-04,Pav Bhaji,70.0,4,0,0,0,35
2026-09-04,Noodles,55.0,4,0,0,0,54
2026-09-04,Tea,12.0,4,0,0,0,156
2026-09-04,Coffee,18.0,4,0,0,0,149
2026-09-04,Cold Drink,25.0,4,0,0,0,102
2026-09-05,Samosa,20.0,5,1,0,0,25
2026-09-05,Vada Pav,25.0,5,1,0,0,24
2026-09-05,Masala Dosa,60.0,5,1,0,0,20
2026-09-05,Idli,40.0,5,1,0,0,19
2026-09-05,Veg Sandwich,45.0,5,1,0,0,19
2026-09-05,Veg Biryani,90.0,5,1,0,0,14
2026-09-05,Chicken Biryani,130.0,5,1,0,0,17
2026-09-05,Pav Bhaji,70.0,5,1,0,0,12
2026-09-05,Noodles,55.0,5,1,0,0,19
2026-09-05,Tea,12.0,5,1,0,0,57
2026-09-05,Coffee,18.0,5,1,0,0,46
2026-09-05,Cold Drink,25.0,5,1,0,0,33
2026-09-06,Samosa,20.0,6,1,0,0,23
2026-09-06,Vada Pav,25.0,6,1,0,0,21
2026-09-06,Masala Dosa,60.0,6,1,0,0,21
2026-09-06,Idli,40.0,6,1,0,0,17
2026-09-06,Veg Sandwich,45.0,6,1,0,0,17
2026-09-06,Veg Biryani,90.0,6,1,0,0,11
2026-09-06,Chicken Biryani,130.0,6,1,0,0,19
2026-09-06,Pav Bhaji,70.0,6,1,0,0,14
2026-09-06,Noodles,55.0,6,1,0,0,15
2026-09-06,Tea,12.0,6,1,0,0,60
2026-09-06,Coffee,18.0,6,1,0,0,40
2026-09-06,Cold Drink,25.0,6,1,0,0,34
2026-09-07,Samosa,20.0,0,0,0,0,102
2026-09-07,Vada Pav,25.0,0,0,0,0,91
2026-09-07,Masala Dosa,60.0,0,0,0,0,44
2026-09-07,Idli,40.0,0,0,0,0,35
2026-09-07,Veg Sandwich,45.0,0,0,0,0,49
2026-09-07,Veg Biryani,90.0,0,0,0,0,37
2026-09-07,Chicken Biryani,130.0,0,0,0,0,39
2026-09-07,Pav Bhaji,70.0,0,0,0,0,41
2026-09-07,Noodles,55.0,0,0,0,0,54
2026-09-07,Tea,12.0,0,0,0,0,229
2026-09-07,Coffee,18.0,0,0,0,0,157
2026-09-07,Cold Drink,25.0,0,0,0,0,93
2026-09-08,Samosa,20.0,1,0,1,0,16
2026-09-08,Vada Pav,25.0,1,0,1,0,18
2026-09-08,Masala Dosa,60.0,1,0,1,0,11
2026-09-08,Idli,40.0,1,0,1,0,11
2026-09-08,Veg Sandwich,45.0,1,0,1,0,10
2026-09-08,Veg Biryani,90.0,1,0,1,0,7
2026-09-08,Chicken Biryani,130.0,1,0,1,0,10
2026-09-08,Pav Bhaji,70.0,1,0,1,0,7
2026-09-08,Noodles,55.0,1,0,1,0,11
2026-09-08,Tea,12.0,1,0,1,0,47
2026-09-08,Coffee,18.0,1,0,1,0,30
2026-09-08,Cold Drink,25.0,1,0,1,0,21
2026-09-09,Samosa,20.0,2,0,0,0,86
2026-09-09,Vada Pav,25.0,2,0,0,0,95
2026-09-09,Masala Dosa,60.0,2,0,0,0,45
2026-09-09,Idli,40.0,2,0,0,0,34
2026-09-09,Veg Sandwich,45.0,2,0,0,0,51
2026-09-09,Veg Biryani,90.0,2,0,0,0,39
2026-09-09,Chicken Biryani,130.0,2,0,0,0,59
2026-09-09,Pav Bhaji,70.0,2,0,0,0,33
2026-09-09,Noodles,55.0,2,0,0,0,48
2026-09-09,Tea,12.0,2,0,0,0,146
2026-09-09,Coffee,18.0,2,0,0,0,124
2026-09-09,Cold Drink,25.0,2,0,0,0,76
2026-09-10,Samosa,20.0,3,0,0,0,99
2026-09-10,Vada Pav,25.0,3,0,0,0,84
2026-09-10,Masala Dosa,60.0,3,0,0,0,51
2026-09-10,Idli,40.0,3,0,0,0,50
2026-09-10,Veg Sandwich,45.0,3,0,0,0,50
2026-09-10,Veg Biryani,90.0,3,0,0,0,31
2026-09-10,Chicken Biryani,130.0,3,0,0,0,52
2026-09-10,Pav Bhaji,70.0,3,0,0,0,38
2026-09-10,Noodles,55.0,3,0,0,0,49
2026-09-10,Tea,12.0,3,0,0,0,180
2026-09-10,Coffee,18.0,3,0,0,0,133
2026-09-10,Cold Drink,25.0,3,0,0,0,80
2026-09-11,Samosa,20.0,4,0,0,0,72
2026-09-11,Vada Pav,25.0,4,0,0,0,68
2026-09-11,Masala Dosa,60.0,4,0,0,0,53
2026-09-11,Idli,40.0,4,0,0,0,43
2026-09-11,Veg Sandwich,45.0,4,0,0,0,47
2026-09-11,Veg Biryani,90.0,4,0,0,0,54
2026-09-11,Chicken Biryani,130.0,4,0,0,0,74
2026-09-11,Pav Bhaji,70.0,4,0,0,0,38
2026-09-11,Noodles,55.0,4,0,0,0,50
2026-09-11,Tea,12.0,4,0,0,0,168
2026-09-11,Coffee,18.0,4,0,0,0,139
2026-09-11,Cold Drink,25.0,4,0,0,0,104
2026-09-12,Samosa,20.0,5,1,0,0,23
2026-09-12,Vada Pav,25.0,5,1,0,0,23
2026-09-12,Masala Dosa,60.0,5,1,0,0,20
2026-09-12,Idli,40.0,5,1,0,0,20
2026-09-12,Veg Sandwich,45.0,5,1,0,0,17
2026-09-12,Veg Biryani,90.0,5,1,0,0,16
2026-09-12,Chicken Biryani,130.0,5,1,0,0,19
2026-09-12,Pav Bhaji,70.0,5,1,0,0,15
2026-09-12,Noodles,55.0,5,1,0,0,17
2026-09-12,Tea,12.0,5,1,0,0,64
2026-09-12,Coffee,18.0,5,1,0,0,41
2026-09-12,Cold Drink,25.0,5,1,0,0,33
2026-09-13,Samosa,20.0,6,1,0,0,24
2026-09-13,Vada Pav,25.0,6,1,0,0,25
2026-09-13,Masala Dosa,60.0,6,1,0,0,24
2026-09-13,Idli,40.0,6,1,0,0,19
2026-09-13,Veg Sandwich,45.0,6,1,0,0,18
2026-09-13,Veg Biryani,90.0,6,1,0,0,14
2026-09-13,Chicken Biryani,130.0,6,1,0,0,19
2026-09-13,Pav Bhaji,70.0,6,1,0,0,11
2026-09-13,Noodles,55.0,6,1,0,0,17
2026-09-13,Tea,12.0,6,1,0,0,52
2026-09-13,Coffee,18.0,6,1,0,0,47
2026-09-13,Cold Drink,25.0,6,1,0,0,37
2026-09-14,Samosa,20.0,0,0,0,0,81
2026-09-14,Vada Pav,25.0,0,0,0,0,69
2026-09-14,Masala Dosa,60.0,0,0,0,0,46
2026-09-14,Idli,40.0,0,0,0,0,44
2026-09-14,Veg Sandwich,45.0,0,0,0,0,58
2026-09-14,Veg Biryani,90.0,0,0,0,0,33
2026-09-14,Chicken Biryani,130.0,0,0,0,0,50
2026-09-14,Pav Bhaji,70.0,0,0,0,0,35
2026-09-14,Noodles,55.0,0,0,0,0,49
2026-09-14,Tea,12.0,0,0,0,0,255
2026-09-14,Coffee,18.0,0,0,0,0,180
2026-09-14,Cold Drink,25.0,0,0,0,0,84
2026-09-15,Samosa,20.0,1,0,0,0,106
2026-09-15,Vada Pav,25.0,1,0,0,0,92
2026-09-15,Masala Dosa,60.0,1,0,0,0,53
2026-09-15,Idli,40.0,1,0,0,0,52
2026-09-15,Veg Sandwich,45.0,1,0,0,0,52
2026-09-15,Veg Biryani,90.0,1,0,0,0,36
2026-09-15,Chicken Biryani,130.0,1,0,0,0,43
2026-09-15,Pav Bhaji,70.0,1,0,0,0,33
2026-09-15,Noodles,55.0,1,0,0,0,50
2026-09-15,Tea,12.0,1,0,0,0,231
2026-09-15,Coffee,18.0,1,0,0,0,158
2026-09-15,Cold Drink,25.0,1,0,0,0,96
2026-09-16,Samosa,20.0,2,0,0,0,103
2026-09-16,Vada Pav,25.0,2,0,0,0,66
2026-09-16,Masala Dosa,60.0,2,0,0,0,43
2026-09-16,Idli,40.0,2,0,0,0,36
2026-09-16,Veg Sandwich,45.0,2,0,0,0,44
2026-09-16,Veg Biryani,90.0,2,0,0,0,47
2026-09-16,Chicken Biryani,130.0,2,0,0,0,51
2026-09-16,Pav Bhaji,70.0,2,0,0,0,36
2026-09-16,Noodles,55.0,2,0,0,0,50
2026-09-16,Tea,12.0,2,0,0,0,189
2026-09-16,Coffee,18.0,2,0,0,0,131
2026-09-16,Cold Drink,25.0,2,0,0,0,87
2026-09-17,Samosa,20.0,3,0,0,0,78
2026-09-17,Vada Pav,25.0,3,0,0,0,77
2026-09-17,Masala Dosa,60.0,3,0,0,0,65
2026-09-17,Idli,40.0,3,0,0,0,54
2026-09-17,Veg Sandwich,45.0,3,0,0,0,48
2026-09-17,Veg Biryani,90.0,3,0,0,0,34
2026-09-17,Chicken Biryani,130.0,3,0,0,0,44
2026-09-17,Pav Bhaji,70.0,3,0,0,0,42
2026-09-17,Noodles,55.0,3,0,0,0,52
2026-09-17,Tea,12.0,3,0,0,0,188
2026-09-17,Coffee,18.0,3,0,0,0,143
2026-09-17,Cold Drink,25.0,3,0,0,0,102
2026-09-18,Samosa,20.0,4,0,0,0,79
2026-09-18,Vada Pav,25.0,4,0,0,0,70
2026-09-18,Masala Dosa,60.0,4,0,0,0,48
2026-09-18,Idli,40.0,4,0,0,0,40
2026-09-18,Veg Sandwich,45.0,4,0,0,0,54
2026-09-18,Veg Biryani,90.0,4,0,0,0,50
2026-09-18,Chicken Biryani,130.0,4,0,0,0,66
2026-09-18,Pav Bhaji,70.0,4,0,0,0,28
2026-09-18,Noodles,55.0,4,0,0,0,55
2026-09-18,Tea,12.0,4,0,0,0,186
2026-09-18,Coffee,18.0,4,0,0,0,143
2026-09-18,Cold Drink,25.0,4,0,0,0,71
2026-09-19,Samosa,20.0,5,1,0,0,22
2026-09-19,Vada Pav,25.0,5,1,0,0,22
2026-09-19,Masala Dosa,60.0,5,1,0,0,18
2026-09-19,Idli,40.0,5,1,0,0,19
2026-09-19,Veg Sandwich,45.0,5,1,0,0,18
2026-09-19,Veg Biryani,90.0,5,1,0,0,13
2026-09-19,Chicken Biryani,130.0,5,1,0,0,20
2026-09-19,Pav Bhaji,70.0,5,1,0,0,12
2026-09-19,Noodles,55.0,5,1,0,0,18
2026-09-19,Tea,12.0,5,1,0,0,57
2026-09-19,Coffee,18.0,5,1,0,0,45
2026-09-19,Cold Drink,25.0,5,1,0,0,42
2026-09-20,Samosa,20.0,6,1,0,0,24
2026-09-20,Vada Pav,25.0,6,1,0,0,23
2026-09-20,Masala Dosa,60.0,6,1,0,0,22
2026-09-20,Idli,40.0,6,1,0,0,20
2026-09-20,Veg Sandwich,45.0,6,1,0,0,19
2026-09-20,Veg Biryani,90.0,6,1,0,0,12
2026-09-20,Chicken Biryani,130.0,6,1,0,0,21
2026-09-20,Pav Bhaji,70.0,6,1,0,0,11
2026-09-20,Noodles,55.0,6,1,0,0,18
2026-09-20,Tea,12.0,6,1,0,0,58
2026-09-20,Coffee,18.0,6,1,0,0,45
2026-09-20,Cold Drink,25.0,6,1,0,0,36
2026-09-21,Samosa,20.0,0,0,0,0,107
2026-09-21,Vada Pav,25.0,0,0,0,0,84
2026-09-21,Masala Dosa,60.0,0,0,0,0,44
2026-09-21,Idli,40.0,0,0,0,0,44
2026-09-21,Veg Sandwich,45.0,0,0,0,0,56
2026-09-21,Veg Biryani,90.0,0,0,0,0,31
2026-09-21,Chicken Biryani,130.0,0,0,0,0,48
2026-09-21,Pav Bhaji,70.0,0,0,0,0,37
2026-09-21,Noodles,55.0,0,0,0,0,49
2026-09-21,Tea,12.0,0,0,0,0,266
2026-09-21,Coffee,18.0,0,0,0,0,166
2026-09-21,Cold Drink,25.0,0,0,0,0,101
2026-09-22,Samosa,20.0,1,0,0,1,135
2026-09-22,Vada Pav,25.0,1,0,0,1,114
2026-09-22,Masala Dosa,60.0,1,0,0,1,108
2026-09-22,Idli,40.0,1,0,0,1,76
2026-09-22,Veg Sandwich,45.0,1,0,0,1,74
2026-09-22,Veg Biryani,90.0,1,0,0,1,45
2026-09-22,Chicken Biryani,130.0,1,0,0,1,70
2026-09-22,Pav Bhaji,70.0,1,0,0,1,50
2026-09-22,Noodles,55.0,1,0,0,1,96
2026-09-22,Tea,12.0,1,0,0,1,376
2026-09-22,Coffee,18.0,1,0,0,1,230
2026-09-22,Cold Drink,25.0,1,0,0,1,202
2026-09-23,Samosa,20.0,2,0,0,0,69
2026-09-23,Vada Pav,25.0,2,0,0,0,99
2026-09-23,Masala Dosa,60.0,2,0,0,0,39
2026-09-23,Idli,40.0,2,0,0,0,33
2026-09-23,Veg Sandwich,45.0,2,0,0,0,55
2026-09-23,Veg Biryani,90.0,2,0,0,0,52
2026-09-23,Chicken Biryani,130.0,2,0,0,0,61
2026-09-23,Pav Bhaji,70.0,2,0,0,0,37
2026-09-23,Noodles,55.0,2,0,0,0,53
2026-09-23,Tea,12.0,2,0,0,0,195
2026-09-23,Coffee,18.0,2,0,0,0,140
2026-09-23,Cold Drink,25.0,2,0,0,0,103
2026-09-24,Samosa,20.0,3,0,0,0,85
2026-09-24,Vada Pav,25.0,3,0,0,0,78
2026-09-24,Masala Dosa,60.0,3,0,0,0,47
2026-09-24,Idli,40.0,3,0,0,0,50
2026-09-24,Veg Sandwich,45.0,3,0,0,0,45
2026-09-24,Veg Biryani,90.0,3,0,0,0,31
2026-09-24,Chicken Biryani,130.0,3,0,0,0,46
2026-09-24,Pav Bhaji,70.0,3,0,0,0,40
2026-09-24,Noodles,55.0,3,0,0,0,55
2026-09-24,Tea,12.0,3,0,0,0,152
2026-09-24,Coffee,18.0,3,0,0,0,117
2026-09-24,Cold Drink,25.0,3,0,0,0,109
2026-09-25,Samosa,20.0,4,0,0,0,84
2026-09-25,Vada Pav,25.0,4,0,0,0,63
2026-09-25,Masala Dosa,60.0,4,0,0,0,45
2026-09-25,Idli,40.0,4,0,0,0,35
2026-09-25,Veg Sandwich,45.0,4,0,0,0,47
2026-09-25,Veg Biryani,90.0,4,0,0,0,52
2026-09-25,Chicken Biryani,130.0,4,0,0,0,55
2026-09-25,Pav Bhaji,70.0,4,0,0,0,37
2026-09-25,Noodles,55.0,4,0,0,0,50
2026-09-25,Tea,12.0,4,0,0,0,190
2026-09-25,Coffee,18.0,4,0,0,0,133
2026-09-25,Cold Drink,25.0,4,0,0,0,114
2026-09-26,Samosa,20.0,5,1,0,1,41
2026-09-26,Vada Pav,25.0,5,1,0,1,35
2026-09-26,Masala Dosa,60.0,5,1,0,1,37
2026-09-26,Idli,40.0,5,1,0,1,31
2026-09-26,Veg Sandwich,45.0,5,1,0,1,28
2026-09-26,Veg Biryani,90.0,5,1,0,1,24
2026-09-26,Chicken Biryani,130.0,5,1,0,1,31
2026-09-26,Pav Bhaji,70.0,5,1,0,1,18
2026-09-26,Noodles,55.0,5,1,0,1,32
2026-09-26,Tea,12.0,5,1,0,1,101
2026-09-26,Coffee,18.0,5,1,0,1,73
2026-09-26,Cold Drink,25.0,5,1,0,1,62
2026-09-27,Samosa,20.0,6,1,0,0,22
2026-09-27,Vada Pav,25.0,6,1,0,0,23
2026-09-27,Masala Dosa,60.0,6,1,0,0,20
2026-09-27,Idli,40.0,6,1,0,0,20
2026-09-27,Veg Sandwich,45.0,6,1,0,0,16
2026-09-27,Veg Biryani,90.0,6,1,0,0,14
2026-09-27,Chicken Biryani,130.0,6,1,0,0,16
2026-09-27,Pav Bhaji,70.0,6,1,0,0,15
2026-09-27,Noodles,55.0,6,1,0,0,15
2026-09-27,Tea,12.0,6,1,0,0,65
2026-09-27,Coffee,18.0,6,1,0,0,48
2026-09-27,Cold Drink,25.0,6,1,0,0,36
